<?xml version="1.0" encoding="utf-8"?> <?xml-stylesheet type="text/xsl" href="http://www.sitecore.net/licenseviewer/license.xsl"?><signedlicense id="20190513080011"><Signature><SignedInfo xmlns="http://www.w3.org/2000/09/xmldsig#"><CanonicalizationMethod Algorithm="http://www.w3.org/TR/2001/REC-xml-c14n-20010315" /><SignatureMethod Algorithm="http://www.w3.org/2000/09/xmldsig#rsa-sha1" /><Reference URI="#SiteCore.License"><DigestMethod Algorithm="http://www.w3.org/2000/09/xmldsig#sha1" /><DigestValue>PwxbROSdpsh9HzHhe8JyMvB/Z6E=</DigestValue></Reference></SignedInfo><SignatureValue xmlns="http://www.w3.org/2000/09/xmldsig#">lVM4+G2QX/kubsUh5ykPmu/Ckbsw26qvRzG4HA2K7j2R4ZfX4oiPmH3JyTIj2RKn1d1ZLZa4NQqK7D2QM4frUTNoYxg6WaCsrXTVEWwwJMiEEBL8sDEMxDOHL/f48mKOA50UVwI9CVgTH3oLSpvlj1h6Ji5RoOGiargRt+cz9sE=</SignatureValue><KeyInfo xmlns="http://www.w3.org/2000/09/xmldsig#"><KeyValue><RSAKeyValue><Modulus>wRSGFs73V0JMKVVRCX9pEVmluvNojvtDvzHduZ+pX458q9THGbti8zEty6ydF7nxVFCRriONFm6w+PtcZhRT+eXMb21jzY6biII4BXdh91BmVZ96FyYROMnHS6zjfK7+oDbsVV8XWkZ11DiHa+9wySxQcc4fBd23xGYpo52p2fc=</Modulus><Exponent>AQAB</Exponent></RSAKeyValue></KeyValue></KeyInfo><Object Id="SiteCore.License" xmlns="http://www.w3.org/2000/09/xmldsig#"><license xmlns=""><id>20190513080011</id><expiration>20190713T000000</expiration><version>9</version><urls>?</urls><licensee>Sitecore Training License</licensee><companyno /><purpose /><address /><countryiso>DK</countryiso><country>Denmark</country><reseller /><resellerurl /><licenseagreement id="{41192D07-0B58-4957-BEBB-C4BEEAC3878A}" title="License Agreement"><![CDATA[Your usage rights to the Sitecore Software are as set forth in your license agreement with Sitecore.]]></licenseagreement></license></Object></Signature><Signature><SignedInfo xmlns="http://www.w3.org/2000/09/xmldsig#"><CanonicalizationMethod Algorithm="http://www.w3.org/TR/2001/REC-xml-c14n-20010315" /><SignatureMethod Algorithm="http://www.w3.org/2000/09/xmldsig#rsa-sha1" /><Reference URI="#Sitecore.AdaptivePrint"><DigestMethod Algorithm="http://www.w3.org/2000/09/xmldsig#sha1" /><DigestValue>rUhN7WtAvNN4D7dyyNE8OgOF7D0=</DigestValue></Reference></SignedInfo><SignatureValue xmlns="http://www.w3.org/2000/09/xmldsig#">PU24Y8Id0tP6hOso3NXbO3j5I2pwX6WCziHKmhw2MbMpOoWct59XWMnZwk3xymI1NEHCcXkl956NsamyaCm6Ua2OtYsG/4uAPjcC1hDVjJfrOoCLGVTQ2O4nOHeMpjFYsSrUdR8bwmAhnTeNJQ4zibspCspKi+wKQYe1tOi1ToM=</SignatureValue><KeyInfo xmlns="http://www.w3.org/2000/09/xmldsig#"><KeyValue><RSAKeyValue><Modulus>wRSGFs73V0JMKVVRCX9pEVmluvNojvtDvzHduZ+pX458q9THGbti8zEty6ydF7nxVFCRriONFm6w+PtcZhRT+eXMb21jzY6biII4BXdh91BmVZ96FyYROMnHS6zjfK7+oDbsVV8XWkZ11DiHa+9wySxQcc4fBd23xGYpo52p2fc=</Modulus><Exponent>AQAB</Exponent></RSAKeyValue></KeyValue></KeyInfo><Object Id="Sitecore.AdaptivePrint" xmlns="http://www.w3.org/2000/09/xmldsig#"><module xmlns=""><idref>20190513080011</idref><name>Sitecore.AdaptivePrint</name><count>1</count><expiration>20190713T000000</expiration><version>9</version><comment /><licenseagreement>?</licenseagreement></module></Object></Signature><Signature><SignedInfo xmlns="http://www.w3.org/2000/09/xmldsig#"><CanonicalizationMethod Algorithm="http://www.w3.org/TR/2001/REC-xml-c14n-20010315" /><SignatureMethod Algorithm="http://www.w3.org/2000/09/xmldsig#rsa-sha1" /><Reference URI="#Sitecore.AnyMTA"><DigestMethod Algorithm="http://www.w3.org/2000/09/xmldsig#sha1" /><DigestValue>rrH5YQ+kShgDmpYPOR669LxrRkA=</DigestValue></Reference></SignedInfo><SignatureValue xmlns="http://www.w3.org/2000/09/xmldsig#">rlSfX8TPVpJZlfy4mNcHSquqMvgrzS3QrmdF53CPboIeSc1e8OV7Irq967COUJYM2+JPsnPPq93ZjPNgz2rGpQDGSxGaC4EgfadqfHI0eBEgDC5uQS5KdPRw8lj9QH6IXfb68cSPw4OVm9N1UJw3Gv0lX6uqPstLDOqPsOcJZkg=</SignatureValue><KeyInfo xmlns="http://www.w3.org/2000/09/xmldsig#"><KeyValue><RSAKeyValue><Modulus>wRSGFs73V0JMKVVRCX9pEVmluvNojvtDvzHduZ+pX458q9THGbti8zEty6ydF7nxVFCRriONFm6w+PtcZhRT+eXMb21jzY6biII4BXdh91BmVZ96FyYROMnHS6zjfK7+oDbsVV8XWkZ11DiHa+9wySxQcc4fBd23xGYpo52p2fc=</Modulus><Exponent>AQAB</Exponent></RSAKeyValue></KeyValue></KeyInfo><Object Id="Sitecore.AnyMTA" xmlns="http://www.w3.org/2000/09/xmldsig#"><module xmlns=""><idref>20190513080011</idref><name>Sitecore.AnyMTA</name><count>1</count><expiration>20190713T000000</expiration><version>9</version><comment /><licenseagreement>?</licenseagreement></module></Object></Signature><Signature><SignedInfo xmlns="http://www.w3.org/2000/09/xmldsig#"><CanonicalizationMethod Algorithm="http://www.w3.org/TR/2001/REC-xml-c14n-20010315" /><SignatureMethod Algorithm="http://www.w3.org/2000/09/xmldsig#rsa-sha1" /><Reference URI="#Sitecore.Automation"><DigestMethod Algorithm="http://www.w3.org/2000/09/xmldsig#sha1" /><DigestValue>JiV8noCYIMcnbHCBRW4G4PQ1KR0=</DigestValue></Reference></SignedInfo><SignatureValue xmlns="http://www.w3.org/2000/09/xmldsig#">siivgjnLP+4i/RVvbVLakaDdMAzOEI33vFixPuut9B+XDt4SWWxuJTxtTpNMdkQCP1DbDKXZXI7xgNrvWoDpT1nVjI08PKzcrD8U6anuSUgSHs7boVSUkUdXyEZVcbo0dpkpphqTzlfX/eZC16kSeG/sBwLpd+BQvfo93abzKVQ=</SignatureValue><KeyInfo xmlns="http://www.w3.org/2000/09/xmldsig#"><KeyValue><RSAKeyValue><Modulus>wRSGFs73V0JMKVVRCX9pEVmluvNojvtDvzHduZ+pX458q9THGbti8zEty6ydF7nxVFCRriONFm6w+PtcZhRT+eXMb21jzY6biII4BXdh91BmVZ96FyYROMnHS6zjfK7+oDbsVV8XWkZ11DiHa+9wySxQcc4fBd23xGYpo52p2fc=</Modulus><Exponent>AQAB</Exponent></RSAKeyValue></KeyValue></KeyInfo><Object Id="Sitecore.Automation" xmlns="http://www.w3.org/2000/09/xmldsig#"><module xmlns=""><idref>20190513080011</idref><name>Sitecore.Automation</name><count>1</count><expiration>20190713T000000</expiration><version>9</version><comment /><licenseagreement>?</licenseagreement></module></Object></Signature><Signature><SignedInfo xmlns="http://www.w3.org/2000/09/xmldsig#"><CanonicalizationMethod Algorithm="http://www.w3.org/TR/2001/REC-xml-c14n-20010315" /><SignatureMethod Algorithm="http://www.w3.org/2000/09/xmldsig#rsa-sha1" /><Reference URI="#Sitecore.Azure.DeploymentInstallation"><DigestMethod Algorithm="http://www.w3.org/2000/09/xmldsig#sha1" /><DigestValue>qp4Su6lSo2DzuUbM+tca/TEMLjU=</DigestValue></Reference></SignedInfo><SignatureValue xmlns="http://www.w3.org/2000/09/xmldsig#">WpMG1tH0L0/vctqeXzEy0jwNYL/AZ78aN45OUgfy4hk3SAvxbf1w4IQbdfPnVhCs4UTSkp3H/f5lTJwXt6mB9uZWADqlokb3dnpElR1VnNlso36L+9RYpkP2eyF+JOAKMyTt95u6FKB7XxSVd1EeBjrQNf20+MAvoFU1J3ral0E=</SignatureValue><KeyInfo xmlns="http://www.w3.org/2000/09/xmldsig#"><KeyValue><RSAKeyValue><Modulus>wRSGFs73V0JMKVVRCX9pEVmluvNojvtDvzHduZ+pX458q9THGbti8zEty6ydF7nxVFCRriONFm6w+PtcZhRT+eXMb21jzY6biII4BXdh91BmVZ96FyYROMnHS6zjfK7+oDbsVV8XWkZ11DiHa+9wySxQcc4fBd23xGYpo52p2fc=</Modulus><Exponent>AQAB</Exponent></RSAKeyValue></KeyValue></KeyInfo><Object Id="Sitecore.Azure.DeploymentInstallation" xmlns="http://www.w3.org/2000/09/xmldsig#"><module xmlns=""><idref>20190513080011</idref><name>Sitecore.Azure.DeploymentInstallation</name><count>1</count><expiration>20190713T000000</expiration><version>9</version><comment /><licenseagreement>?</licenseagreement></module></Object></Signature><Signature><SignedInfo xmlns="http://www.w3.org/2000/09/xmldsig#"><CanonicalizationMethod Algorithm="http://www.w3.org/TR/2001/REC-xml-c14n-20010315" /><SignatureMethod Algorithm="http://www.w3.org/2000/09/xmldsig#rsa-sha1" /><Reference URI="#Sitecore.Azure.EnablementInstallation"><DigestMethod Algorithm="http://www.w3.org/2000/09/xmldsig#sha1" /><DigestValue>9KowIbZOR4AQoA8AFkdhRX+/wBo=</DigestValue></Reference></SignedInfo><SignatureValue xmlns="http://www.w3.org/2000/09/xmldsig#">paRBD6RVaioLg87VB3iJxnpIwUs84eQiLlS/gdq8yehnWw/oaSJHAfkRYuhWKxNa0QcKD0wKqdcAkxA2IuTLA/n4PnleEvA1ahYw/p6zAOrZ+cm1n/vDsoFs3LISD7glOng4ZZIIrN8FkfvYXy/xFGTn9NYFHqtzS1EBOcjUs3k=</SignatureValue><KeyInfo xmlns="http://www.w3.org/2000/09/xmldsig#"><KeyValue><RSAKeyValue><Modulus>wRSGFs73V0JMKVVRCX9pEVmluvNojvtDvzHduZ+pX458q9THGbti8zEty6ydF7nxVFCRriONFm6w+PtcZhRT+eXMb21jzY6biII4BXdh91BmVZ96FyYROMnHS6zjfK7+oDbsVV8XWkZ11DiHa+9wySxQcc4fBd23xGYpo52p2fc=</Modulus><Exponent>AQAB</Exponent></RSAKeyValue></KeyValue></KeyInfo><Object Id="Sitecore.Azure.EnablementInstallation" xmlns="http://www.w3.org/2000/09/xmldsig#"><module xmlns=""><idref>20190513080011</idref><name>Sitecore.Azure.EnablementInstallation</name><count>1</count><expiration>20190713T000000</expiration><version>9</version><comment /><licenseagreement>?</licenseagreement></module></Object></Signature><Signature><SignedInfo xmlns="http://www.w3.org/2000/09/xmldsig#"><CanonicalizationMethod Algorithm="http://www.w3.org/TR/2001/REC-xml-c14n-20010315" /><SignatureMethod Algorithm="http://www.w3.org/2000/09/xmldsig#rsa-sha1" /><Reference URI="#Sitecore.Calendar"><DigestMethod Algorithm="http://www.w3.org/2000/09/xmldsig#sha1" /><DigestValue>1kRzIGcMXATo3blrletOASPxutA=</DigestValue></Reference></SignedInfo><SignatureValue xmlns="http://www.w3.org/2000/09/xmldsig#">lTV/Bxl1fr1cZ8ApRjFmNG0jdLLKHIdqZPwcNINjTUsbCxpQL1+UzUrzf/YUe5KjMzCz6tKHsm3K+vkefIUSYFUcsqbzbcKhp8d03QVLLlRf784UWRTw0XYrsXI3YRnN7PCULFheS03bHTAoHuUbd5PwQa9xV1hfTGOhbKVD+pc=</SignatureValue><KeyInfo xmlns="http://www.w3.org/2000/09/xmldsig#"><KeyValue><RSAKeyValue><Modulus>wRSGFs73V0JMKVVRCX9pEVmluvNojvtDvzHduZ+pX458q9THGbti8zEty6ydF7nxVFCRriONFm6w+PtcZhRT+eXMb21jzY6biII4BXdh91BmVZ96FyYROMnHS6zjfK7+oDbsVV8XWkZ11DiHa+9wySxQcc4fBd23xGYpo52p2fc=</Modulus><Exponent>AQAB</Exponent></RSAKeyValue></KeyValue></KeyInfo><Object Id="Sitecore.Calendar" xmlns="http://www.w3.org/2000/09/xmldsig#"><module xmlns=""><idref>20190513080011</idref><name>Sitecore.Calendar</name><count>1</count><expiration>20190713T000000</expiration><version>9</version><comment /><licenseagreement>?</licenseagreement></module></Object></Signature><Signature><SignedInfo xmlns="http://www.w3.org/2000/09/xmldsig#"><CanonicalizationMethod Algorithm="http://www.w3.org/TR/2001/REC-xml-c14n-20010315" /><SignatureMethod Algorithm="http://www.w3.org/2000/09/xmldsig#rsa-sha1" /><Reference URI="#Sitecore.Commerce.Connect"><DigestMethod Algorithm="http://www.w3.org/2000/09/xmldsig#sha1" /><DigestValue>aR3DLAjKw9pSEYV3JNv5+Mwk4QQ=</DigestValue></Reference></SignedInfo><SignatureValue xmlns="http://www.w3.org/2000/09/xmldsig#">p6nnjGi6PVNE1oApB4TYHdAWR8JYTkpoVjoaqOUR7Kfvrlj0MvT59EeIPlhrSzXYEwLbmkdaL4tT9HHDhpzlL/0I1SaNbUtSBuZWt7MjBIKFbn+wbabIO4BhRpLs9K/mWbJjFbnm8MoUAVR/iMFHvngEkCtMLxAJUX4SePytNjQ=</SignatureValue><KeyInfo xmlns="http://www.w3.org/2000/09/xmldsig#"><KeyValue><RSAKeyValue><Modulus>wRSGFs73V0JMKVVRCX9pEVmluvNojvtDvzHduZ+pX458q9THGbti8zEty6ydF7nxVFCRriONFm6w+PtcZhRT+eXMb21jzY6biII4BXdh91BmVZ96FyYROMnHS6zjfK7+oDbsVV8XWkZ11DiHa+9wySxQcc4fBd23xGYpo52p2fc=</Modulus><Exponent>AQAB</Exponent></RSAKeyValue></KeyValue></KeyInfo><Object Id="Sitecore.Commerce.Connect" xmlns="http://www.w3.org/2000/09/xmldsig#"><module xmlns=""><idref>20190513080011</idref><name>Sitecore.Commerce.Connect</name><count>1</count><expiration>20190713T000000</expiration><version>9</version><comment /><licenseagreement>?</licenseagreement></module></Object></Signature><Signature><SignedInfo xmlns="http://www.w3.org/2000/09/xmldsig#"><CanonicalizationMethod Algorithm="http://www.w3.org/TR/2001/REC-xml-c14n-20010315" /><SignatureMethod Algorithm="http://www.w3.org/2000/09/xmldsig#rsa-sha1" /><Reference URI="#Sitecore.Commerce.ConnectPartner"><DigestMethod Algorithm="http://www.w3.org/2000/09/xmldsig#sha1" /><DigestValue>EGh8H9GoacDGeLqPmpBeyi72hKM=</DigestValue></Reference></SignedInfo><SignatureValue xmlns="http://www.w3.org/2000/09/xmldsig#">ewe0DIvxPKVmogIUVyiU4yACu7CHMATqhCh8rIjC1OWNE2uXwcTCXmIAYOobM+3P7YFNNfr5Dvw9ova+upTvufu/1/yUGBPvCjcWDjddjde3ApwRcsGpl90FakZ3ddOnBu74/pNtmf5gvEtTgKR8f03xZPn2qzlKf6whnVRiyzI=</SignatureValue><KeyInfo xmlns="http://www.w3.org/2000/09/xmldsig#"><KeyValue><RSAKeyValue><Modulus>wRSGFs73V0JMKVVRCX9pEVmluvNojvtDvzHduZ+pX458q9THGbti8zEty6ydF7nxVFCRriONFm6w+PtcZhRT+eXMb21jzY6biII4BXdh91BmVZ96FyYROMnHS6zjfK7+oDbsVV8XWkZ11DiHa+9wySxQcc4fBd23xGYpo52p2fc=</Modulus><Exponent>AQAB</Exponent></RSAKeyValue></KeyValue></KeyInfo><Object Id="Sitecore.Commerce.ConnectPartner" xmlns="http://www.w3.org/2000/09/xmldsig#"><module xmlns=""><idref>20190513080011</idref><name>Sitecore.Commerce.ConnectPartner</name><count>1</count><expiration>20190713T000000</expiration><version>9</version><comment /><licenseagreement>?</licenseagreement></module></Object></Signature><Signature><SignedInfo xmlns="http://www.w3.org/2000/09/xmldsig#"><CanonicalizationMethod Algorithm="http://www.w3.org/TR/2001/REC-xml-c14n-20010315" /><SignatureMethod Algorithm="http://www.w3.org/2000/09/xmldsig#rsa-sha1" /><Reference URI="#Sitecore.CommerceServer.Integrated"><DigestMethod Algorithm="http://www.w3.org/2000/09/xmldsig#sha1" /><DigestValue>rxK+PbyzWagLDkujuQTCuqbAIBA=</DigestValue></Reference></SignedInfo><SignatureValue xmlns="http://www.w3.org/2000/09/xmldsig#">SYJYuG00ke94W58KdekO4tasBE1WOAPtuLpIuHke8Q95oiVXCuN7pB5i74K5nG+BwCMwQZ77pVrvE9ETq89YwHbHbmRBxTkINKyXjd/FZQSLoOMus5ESUD5xKj0tFTa7814HYpX7g8aSGROnM3WNG+AS/HkaFi7YKKPrM6yMeAg=</SignatureValue><KeyInfo xmlns="http://www.w3.org/2000/09/xmldsig#"><KeyValue><RSAKeyValue><Modulus>wRSGFs73V0JMKVVRCX9pEVmluvNojvtDvzHduZ+pX458q9THGbti8zEty6ydF7nxVFCRriONFm6w+PtcZhRT+eXMb21jzY6biII4BXdh91BmVZ96FyYROMnHS6zjfK7+oDbsVV8XWkZ11DiHa+9wySxQcc4fBd23xGYpo52p2fc=</Modulus><Exponent>AQAB</Exponent></RSAKeyValue></KeyValue></KeyInfo><Object Id="Sitecore.CommerceServer.Integrated" xmlns="http://www.w3.org/2000/09/xmldsig#"><module xmlns=""><idref>20190513080011</idref><name>Sitecore.CommerceServer.Integrated</name><count>1</count><expiration>20190713T000000</expiration><version>9</version><comment /><licenseagreement>?</licenseagreement></module></Object></Signature><Signature><SignedInfo xmlns="http://www.w3.org/2000/09/xmldsig#"><CanonicalizationMethod Algorithm="http://www.w3.org/TR/2001/REC-xml-c14n-20010315" /><SignatureMethod Algorithm="http://www.w3.org/2000/09/xmldsig#rsa-sha1" /><Reference URI="#Sitecore.CommerceServer.ProdManagement"><DigestMethod Algorithm="http://www.w3.org/2000/09/xmldsig#sha1" /><DigestValue>z0f40eaN6Rb17DWptAxVZPi1VVU=</DigestValue></Reference></SignedInfo><SignatureValue xmlns="http://www.w3.org/2000/09/xmldsig#">CrChnZ0+g/AJ0wDqcbhQlbwuB45kyeIOGophcJQr0Z0QWpAcfihG3yTpOywpxJYNALiGANW9QwH6tnhVc1WkPt3/vrwDna21dKFEDK2Gjbi7JHhUIR7oywfYprfqTM3XXjfkE4rqnKTUb8vk4FfetNIon55QpwU6xj8lwd7FFZ0=</SignatureValue><KeyInfo xmlns="http://www.w3.org/2000/09/xmldsig#"><KeyValue><RSAKeyValue><Modulus>wRSGFs73V0JMKVVRCX9pEVmluvNojvtDvzHduZ+pX458q9THGbti8zEty6ydF7nxVFCRriONFm6w+PtcZhRT+eXMb21jzY6biII4BXdh91BmVZ96FyYROMnHS6zjfK7+oDbsVV8XWkZ11DiHa+9wySxQcc4fBd23xGYpo52p2fc=</Modulus><Exponent>AQAB</Exponent></RSAKeyValue></KeyValue></KeyInfo><Object Id="Sitecore.CommerceServer.ProdManagement" xmlns="http://www.w3.org/2000/09/xmldsig#"><module xmlns=""><idref>20190513080011</idref><name>Sitecore.CommerceServer.ProdManagement</name><count>1</count><expiration>20190713T000000</expiration><version>9</version><comment /><licenseagreement>?</licenseagreement></module></Object></Signature><Signature><SignedInfo xmlns="http://www.w3.org/2000/09/xmldsig#"><CanonicalizationMethod Algorithm="http://www.w3.org/TR/2001/REC-xml-c14n-20010315" /><SignatureMethod Algorithm="http://www.w3.org/2000/09/xmldsig#rsa-sha1" /><Reference URI="#Sitecore.CommerceServer.Runtime"><DigestMethod Algorithm="http://www.w3.org/2000/09/xmldsig#sha1" /><DigestValue>K08BiZPs+Y2VJ3073j8T4ztR4pU=</DigestValue></Reference></SignedInfo><SignatureValue xmlns="http://www.w3.org/2000/09/xmldsig#">r6v9E0kBXDgLJYQjPIyLXunJsDSER1Z9HSMAqBqVhl7qbwZlXqpxUMpRHRF/G47rwJcURoD2bMNFossq/6xN/on+d9xLM1NMKMuP5SaINgEpy+1SY5o4FlNxItjJXB7lwoTBPHao0sq0jluHHEdjyg0mM8ghnZdLG+1mUssl6Qo=</SignatureValue><KeyInfo xmlns="http://www.w3.org/2000/09/xmldsig#"><KeyValue><RSAKeyValue><Modulus>wRSGFs73V0JMKVVRCX9pEVmluvNojvtDvzHduZ+pX458q9THGbti8zEty6ydF7nxVFCRriONFm6w+PtcZhRT+eXMb21jzY6biII4BXdh91BmVZ96FyYROMnHS6zjfK7+oDbsVV8XWkZ11DiHa+9wySxQcc4fBd23xGYpo52p2fc=</Modulus><Exponent>AQAB</Exponent></RSAKeyValue></KeyValue></KeyInfo><Object Id="Sitecore.CommerceServer.Runtime" xmlns="http://www.w3.org/2000/09/xmldsig#"><module xmlns=""><idref>20190513080011</idref><name>Sitecore.CommerceServer.Runtime</name><count>1</count><expiration>20190713T000000</expiration><version>9</version><comment /><licenseagreement>?</licenseagreement></module></Object></Signature><Signature><SignedInfo xmlns="http://www.w3.org/2000/09/xmldsig#"><CanonicalizationMethod Algorithm="http://www.w3.org/TR/2001/REC-xml-c14n-20010315" /><SignatureMethod Algorithm="http://www.w3.org/2000/09/xmldsig#rsa-sha1" /><Reference URI="#SiteCore.ContentManager"><DigestMethod Algorithm="http://www.w3.org/2000/09/xmldsig#sha1" /><DigestValue>UfiaWVqcF2SctwxNuj5SW/5e/VQ=</DigestValue></Reference></SignedInfo><SignatureValue xmlns="http://www.w3.org/2000/09/xmldsig#">TBTb77+qliv4SHhHW4RUMEqpzmv3J8SEHqVsZey0X5y9w1FpYTR3v5UrFf/pKl8DX4TRke+4BFN978cvzDPP8NwojWnQ0Uxcd/NDjjBV7gT3fpqu+ZMOEG0r84OszZj8W7VZ4Ak6DfIY4GQTn2F6AnIg5QXZdicMFK7Im85+rIg=</SignatureValue><KeyInfo xmlns="http://www.w3.org/2000/09/xmldsig#"><KeyValue><RSAKeyValue><Modulus>wRSGFs73V0JMKVVRCX9pEVmluvNojvtDvzHduZ+pX458q9THGbti8zEty6ydF7nxVFCRriONFm6w+PtcZhRT+eXMb21jzY6biII4BXdh91BmVZ96FyYROMnHS6zjfK7+oDbsVV8XWkZ11DiHa+9wySxQcc4fBd23xGYpo52p2fc=</Modulus><Exponent>AQAB</Exponent></RSAKeyValue></KeyValue></KeyInfo><Object Id="SiteCore.ContentManager" xmlns="http://www.w3.org/2000/09/xmldsig#"><module xmlns=""><idref>20190513080011</idref><name>SiteCore.ContentManager</name><count>1</count><expiration>20190713T000000</expiration><version>9</version><comment /><licenseagreement>?</licenseagreement></module></Object></Signature><Signature><SignedInfo xmlns="http://www.w3.org/2000/09/xmldsig#"><CanonicalizationMethod Algorithm="http://www.w3.org/TR/2001/REC-xml-c14n-20010315" /><SignatureMethod Algorithm="http://www.w3.org/2000/09/xmldsig#rsa-sha1" /><Reference URI="#SiteCore.Developer"><DigestMethod Algorithm="http://www.w3.org/2000/09/xmldsig#sha1" /><DigestValue>WZBudbq2SxPXI1jjTMCJH1nhaBw=</DigestValue></Reference></SignedInfo><SignatureValue xmlns="http://www.w3.org/2000/09/xmldsig#">pIikhJH5xz9g7QHGMyqVEGbCCT1K6HfAxdzXJplmzjlnxXbjDN9Zx0q0Ux/MD55N+CuANCFc6PgIL+RRA48UFNBhQ1JoeL7ZfvlDdBOFdmkRZh8Lbq/RRtofZ8TE6KIhaV9rjOHA2swZcRezQZqwqzdJ+4QHKqQ4KhesYw/VVN0=</SignatureValue><KeyInfo xmlns="http://www.w3.org/2000/09/xmldsig#"><KeyValue><RSAKeyValue><Modulus>wRSGFs73V0JMKVVRCX9pEVmluvNojvtDvzHduZ+pX458q9THGbti8zEty6ydF7nxVFCRriONFm6w+PtcZhRT+eXMb21jzY6biII4BXdh91BmVZ96FyYROMnHS6zjfK7+oDbsVV8XWkZ11DiHa+9wySxQcc4fBd23xGYpo52p2fc=</Modulus><Exponent>AQAB</Exponent></RSAKeyValue></KeyValue></KeyInfo><Object Id="SiteCore.Developer" xmlns="http://www.w3.org/2000/09/xmldsig#"><module xmlns=""><idref>20190513080011</idref><name>SiteCore.Developer</name><count>10000</count><expiration>20190713T000000</expiration><version>9</version><comment /><licenseagreement>?</licenseagreement></module></Object></Signature><Signature><SignedInfo xmlns="http://www.w3.org/2000/09/xmldsig#"><CanonicalizationMethod Algorithm="http://www.w3.org/TR/2001/REC-xml-c14n-20010315" /><SignatureMethod Algorithm="http://www.w3.org/2000/09/xmldsig#rsa-sha1" /><Reference URI="#Sitecore.Domain"><DigestMethod Algorithm="http://www.w3.org/2000/09/xmldsig#sha1" /><DigestValue>e1e5/62XZHrKbA9lykfaNYZUJ1I=</DigestValue></Reference></SignedInfo><SignatureValue xmlns="http://www.w3.org/2000/09/xmldsig#">pwsJDsYH8/zWLNzt5+go8PvP3s6MnQ1dEPUp/IzYlZWRiHhiiipGZ1Y0h+E9PgPeMQGIVxsp7xM7r9eBIF693UzN4QhpfXgLfwkJAlf0zDe/mHkJMDL2fc0KE0xHs+lmQ090ud0c0ixRkwdsJJDzlCdNv7av04+xMiy40SBsGjU=</SignatureValue><KeyInfo xmlns="http://www.w3.org/2000/09/xmldsig#"><KeyValue><RSAKeyValue><Modulus>wRSGFs73V0JMKVVRCX9pEVmluvNojvtDvzHduZ+pX458q9THGbti8zEty6ydF7nxVFCRriONFm6w+PtcZhRT+eXMb21jzY6biII4BXdh91BmVZ96FyYROMnHS6zjfK7+oDbsVV8XWkZ11DiHa+9wySxQcc4fBd23xGYpo52p2fc=</Modulus><Exponent>AQAB</Exponent></RSAKeyValue></KeyValue></KeyInfo><Object Id="Sitecore.Domain" xmlns="http://www.w3.org/2000/09/xmldsig#"><module xmlns=""><idref>20190513080011</idref><name>Sitecore.Domain</name><count>10000</count><expiration>20190713T000000</expiration><version>9</version><comment /><licenseagreement>?</licenseagreement></module></Object></Signature><Signature><SignedInfo xmlns="http://www.w3.org/2000/09/xmldsig#"><CanonicalizationMethod Algorithm="http://www.w3.org/TR/2001/REC-xml-c14n-20010315" /><SignatureMethod Algorithm="http://www.w3.org/2000/09/xmldsig#rsa-sha1" /><Reference URI="#Sitecore.Ecommerce"><DigestMethod Algorithm="http://www.w3.org/2000/09/xmldsig#sha1" /><DigestValue>HnDirifQ0bqxxWrtGYHjdqh/ZH4=</DigestValue></Reference></SignedInfo><SignatureValue xmlns="http://www.w3.org/2000/09/xmldsig#">vYnpdwenlekSDPEhsDyTbIKK0fr6z1vYFHqHTvWYs7+YZd3uZ0ZTHn2RYXONe6C6URXledQugDNixE6JsFL5kfqPwnsWE37ZIayraJuqFDnzj4fD4XQr3RIiPuIyQfMBzJyBofLg5xFcBFdqWnRw0Uah0krVyHuin0MQqIBKsLA=</SignatureValue><KeyInfo xmlns="http://www.w3.org/2000/09/xmldsig#"><KeyValue><RSAKeyValue><Modulus>wRSGFs73V0JMKVVRCX9pEVmluvNojvtDvzHduZ+pX458q9THGbti8zEty6ydF7nxVFCRriONFm6w+PtcZhRT+eXMb21jzY6biII4BXdh91BmVZ96FyYROMnHS6zjfK7+oDbsVV8XWkZ11DiHa+9wySxQcc4fBd23xGYpo52p2fc=</Modulus><Exponent>AQAB</Exponent></RSAKeyValue></KeyValue></KeyInfo><Object Id="Sitecore.Ecommerce" xmlns="http://www.w3.org/2000/09/xmldsig#"><module xmlns=""><idref>20190513080011</idref><name>Sitecore.Ecommerce</name><count>1</count><expiration>20190713T000000</expiration><version>9</version><comment /><licenseagreement>?</licenseagreement></module></Object></Signature><Signature><SignedInfo xmlns="http://www.w3.org/2000/09/xmldsig#"><CanonicalizationMethod Algorithm="http://www.w3.org/TR/2001/REC-xml-c14n-20010315" /><SignatureMethod Algorithm="http://www.w3.org/2000/09/xmldsig#rsa-sha1" /><Reference URI="#SiteCore.EditorUser"><DigestMethod Algorithm="http://www.w3.org/2000/09/xmldsig#sha1" /><DigestValue>Wn+A/52zARfTHTZ/GZUxloY2Ge8=</DigestValue></Reference></SignedInfo><SignatureValue xmlns="http://www.w3.org/2000/09/xmldsig#">Q+Hz0a90kRnhNAa3Op1y9F9ggKKD4ru6S6NnNSYc/FnomLrZwL3qMu2GXHkZ+EvARPWfzARU4qA6knzv4vpWQB18dl9l2lonymC8n/hIy8ZBGqFzMO43YQiqX6SmCmlXBEaCnxoa48m2yXokSyTexl7O+ixGUiPQdEFOC/woFl0=</SignatureValue><KeyInfo xmlns="http://www.w3.org/2000/09/xmldsig#"><KeyValue><RSAKeyValue><Modulus>wRSGFs73V0JMKVVRCX9pEVmluvNojvtDvzHduZ+pX458q9THGbti8zEty6ydF7nxVFCRriONFm6w+PtcZhRT+eXMb21jzY6biII4BXdh91BmVZ96FyYROMnHS6zjfK7+oDbsVV8XWkZ11DiHa+9wySxQcc4fBd23xGYpo52p2fc=</Modulus><Exponent>AQAB</Exponent></RSAKeyValue></KeyValue></KeyInfo><Object Id="SiteCore.EditorUser" xmlns="http://www.w3.org/2000/09/xmldsig#"><module xmlns=""><idref>20190513080011</idref><name>SiteCore.EditorUser</name><count>10000</count><expiration>20190713T000000</expiration><version>9</version><comment /><licenseagreement>?</licenseagreement></module></Object></Signature><Signature><SignedInfo xmlns="http://www.w3.org/2000/09/xmldsig#"><CanonicalizationMethod Algorithm="http://www.w3.org/TR/2001/REC-xml-c14n-20010315" /><SignatureMethod Algorithm="http://www.w3.org/2000/09/xmldsig#rsa-sha1" /><Reference URI="#Sitecore.EI.Datamart"><DigestMethod Algorithm="http://www.w3.org/2000/09/xmldsig#sha1" /><DigestValue>7vVecM63gemVynd9pxVsl2r9nUU=</DigestValue></Reference></SignedInfo><SignatureValue xmlns="http://www.w3.org/2000/09/xmldsig#">EVbcvG94B+p5AV6LHW1m6TDKiyph5+oHsJb+rGWc0kb5BpxltydHVLlPG+3MGqfWXvB+rxv1ZJxvpOc9tQu84uIUfVROvD/RSUX5ySuqgQNJU8p681dFIwtLnTBlCLOQZp/eDI225JMUS3FTxYarQENjV3KlumLeCt2Dj/NDNdA=</SignatureValue><KeyInfo xmlns="http://www.w3.org/2000/09/xmldsig#"><KeyValue><RSAKeyValue><Modulus>wRSGFs73V0JMKVVRCX9pEVmluvNojvtDvzHduZ+pX458q9THGbti8zEty6ydF7nxVFCRriONFm6w+PtcZhRT+eXMb21jzY6biII4BXdh91BmVZ96FyYROMnHS6zjfK7+oDbsVV8XWkZ11DiHa+9wySxQcc4fBd23xGYpo52p2fc=</Modulus><Exponent>AQAB</Exponent></RSAKeyValue></KeyValue></KeyInfo><Object Id="Sitecore.EI.Datamart" xmlns="http://www.w3.org/2000/09/xmldsig#"><module xmlns=""><idref>20190513080011</idref><name>Sitecore.EI.Datamart</name><count>1</count><expiration>20190713T000000</expiration><version>9</version><comment /><licenseagreement>?</licenseagreement></module></Object></Signature><Signature><SignedInfo xmlns="http://www.w3.org/2000/09/xmldsig#"><CanonicalizationMethod Algorithm="http://www.w3.org/TR/2001/REC-xml-c14n-20010315" /><SignatureMethod Algorithm="http://www.w3.org/2000/09/xmldsig#rsa-sha1" /><Reference URI="#Sitecore.FederatedExperienceManager"><DigestMethod Algorithm="http://www.w3.org/2000/09/xmldsig#sha1" /><DigestValue>N1B4dIqfyQGJUpwncsBfafxUmHA=</DigestValue></Reference></SignedInfo><SignatureValue xmlns="http://www.w3.org/2000/09/xmldsig#">c3o0AQJaj5WD/14AYX8D+hpTzKEq2rC/caHVr3ByR+2W18yVpio8SC5MphPqN9UIHi2UMnkXa/irWTVRZgF1yz9TzW8lLSuWLy1SnVyITF8FDnal1gYTrZksPp+kKFfH8HdbAYgM6befF1HZVGstc6LvOoJDFkIxGdENF+eII14=</SignatureValue><KeyInfo xmlns="http://www.w3.org/2000/09/xmldsig#"><KeyValue><RSAKeyValue><Modulus>wRSGFs73V0JMKVVRCX9pEVmluvNojvtDvzHduZ+pX458q9THGbti8zEty6ydF7nxVFCRriONFm6w+PtcZhRT+eXMb21jzY6biII4BXdh91BmVZ96FyYROMnHS6zjfK7+oDbsVV8XWkZ11DiHa+9wySxQcc4fBd23xGYpo52p2fc=</Modulus><Exponent>AQAB</Exponent></RSAKeyValue></KeyValue></KeyInfo><Object Id="Sitecore.FederatedExperienceManager" xmlns="http://www.w3.org/2000/09/xmldsig#"><module xmlns=""><idref>20190513080011</idref><name>Sitecore.FederatedExperienceManager</name><count>1</count><expiration>20190713T000000</expiration><version>9</version><comment /><licenseagreement>?</licenseagreement></module></Object></Signature><Signature><SignedInfo xmlns="http://www.w3.org/2000/09/xmldsig#"><CanonicalizationMethod Algorithm="http://www.w3.org/TR/2001/REC-xml-c14n-20010315" /><SignatureMethod Algorithm="http://www.w3.org/2000/09/xmldsig#rsa-sha1" /><Reference URI="#Sitecore.Intranet"><DigestMethod Algorithm="http://www.w3.org/2000/09/xmldsig#sha1" /><DigestValue>5pbS632dER8jQykzCXKaxuaGG4Y=</DigestValue></Reference></SignedInfo><SignatureValue xmlns="http://www.w3.org/2000/09/xmldsig#">Pwq+iIEO/7nhjn8rMwELkOvlidJx0sipuXemxfblF+uQrK7XgoA3odbaAYqFvL10FjjeLZvT+HNsHncwq0rir8MDIAy7Vq3pvEAKQTWrHGMlg1IvN8aEEICV5+P9dyAZiZZm4yvSUE5/9I4ZHRKZflRYCjWZ1ey0gTX4NHoTA9s=</SignatureValue><KeyInfo xmlns="http://www.w3.org/2000/09/xmldsig#"><KeyValue><RSAKeyValue><Modulus>wRSGFs73V0JMKVVRCX9pEVmluvNojvtDvzHduZ+pX458q9THGbti8zEty6ydF7nxVFCRriONFm6w+PtcZhRT+eXMb21jzY6biII4BXdh91BmVZ96FyYROMnHS6zjfK7+oDbsVV8XWkZ11DiHa+9wySxQcc4fBd23xGYpo52p2fc=</Modulus><Exponent>AQAB</Exponent></RSAKeyValue></KeyValue></KeyInfo><Object Id="Sitecore.Intranet" xmlns="http://www.w3.org/2000/09/xmldsig#"><module xmlns=""><idref>20190513080011</idref><name>Sitecore.Intranet</name><count>1</count><expiration>20190713T000000</expiration><version>9</version><comment /><licenseagreement>?</licenseagreement></module></Object></Signature><Signature><SignedInfo xmlns="http://www.w3.org/2000/09/xmldsig#"><CanonicalizationMethod Algorithm="http://www.w3.org/TR/2001/REC-xml-c14n-20010315" /><SignatureMethod Algorithm="http://www.w3.org/2000/09/xmldsig#rsa-sha1" /><Reference URI="#Sitecore.MSCRM"><DigestMethod Algorithm="http://www.w3.org/2000/09/xmldsig#sha1" /><DigestValue>e9oIygv3UNxtdnGcHdwEgoNIzQU=</DigestValue></Reference></SignedInfo><SignatureValue xmlns="http://www.w3.org/2000/09/xmldsig#">Svu2hN+1UnIQWFl6XSkVjWBL0IvcF52DOfoKUaUN6OKossg9Zbb9pFRNpJ/j0jXK7lYSiMO57uduUIWrWNBNvosEJ4qnrrDY3aMPQ/4RUMeXlPt5slruhfam3CqP/UJZtGCIVu7UsjrTs/qdE/f/F3YMx9KY5YRH52XKs+uekK4=</SignatureValue><KeyInfo xmlns="http://www.w3.org/2000/09/xmldsig#"><KeyValue><RSAKeyValue><Modulus>wRSGFs73V0JMKVVRCX9pEVmluvNojvtDvzHduZ+pX458q9THGbti8zEty6ydF7nxVFCRriONFm6w+PtcZhRT+eXMb21jzY6biII4BXdh91BmVZ96FyYROMnHS6zjfK7+oDbsVV8XWkZ11DiHa+9wySxQcc4fBd23xGYpo52p2fc=</Modulus><Exponent>AQAB</Exponent></RSAKeyValue></KeyValue></KeyInfo><Object Id="Sitecore.MSCRM" xmlns="http://www.w3.org/2000/09/xmldsig#"><module xmlns=""><idref>20190513080011</idref><name>Sitecore.MSCRM</name><count>1</count><expiration>20190713T000000</expiration><version>9</version><comment /><licenseagreement>?</licenseagreement></module></Object></Signature><Signature><SignedInfo xmlns="http://www.w3.org/2000/09/xmldsig#"><CanonicalizationMethod Algorithm="http://www.w3.org/TR/2001/REC-xml-c14n-20010315" /><SignatureMethod Algorithm="http://www.w3.org/2000/09/xmldsig#rsa-sha1" /><Reference URI="#Sitecore.MSS.EventCalendar"><DigestMethod Algorithm="http://www.w3.org/2000/09/xmldsig#sha1" /><DigestValue>NkKFLWxntnyT8sncanQ1oWP4BMs=</DigestValue></Reference></SignedInfo><SignatureValue xmlns="http://www.w3.org/2000/09/xmldsig#">LF6R/X7rEIRpHQSyUsbZ0+Ql7cTyFW5Z7ggfwDsaiTVc9PqCyeksGcFcwgvb4Gx3CdIg4fmjnBaonjYHIpOjoVD37V6s4AFY7lT+JDbuwPS0WKfkOGab20puyaIq0ECpWvjXQO5AWimTd06/A2K5aL7yNMRyvBU+PR8NJXrlnow=</SignatureValue><KeyInfo xmlns="http://www.w3.org/2000/09/xmldsig#"><KeyValue><RSAKeyValue><Modulus>wRSGFs73V0JMKVVRCX9pEVmluvNojvtDvzHduZ+pX458q9THGbti8zEty6ydF7nxVFCRriONFm6w+PtcZhRT+eXMb21jzY6biII4BXdh91BmVZ96FyYROMnHS6zjfK7+oDbsVV8XWkZ11DiHa+9wySxQcc4fBd23xGYpo52p2fc=</Modulus><Exponent>AQAB</Exponent></RSAKeyValue></KeyValue></KeyInfo><Object Id="Sitecore.MSS.EventCalendar" xmlns="http://www.w3.org/2000/09/xmldsig#"><module xmlns=""><idref>20190513080011</idref><name>Sitecore.MSS.EventCalendar</name><count>1</count><expiration>20190713T000000</expiration><version>9</version><comment /><licenseagreement>?</licenseagreement></module></Object></Signature><Signature><SignedInfo xmlns="http://www.w3.org/2000/09/xmldsig#"><CanonicalizationMethod Algorithm="http://www.w3.org/TR/2001/REC-xml-c14n-20010315" /><SignatureMethod Algorithm="http://www.w3.org/2000/09/xmldsig#rsa-sha1" /><Reference URI="#Sitecore.MSS.ForumExpress"><DigestMethod Algorithm="http://www.w3.org/2000/09/xmldsig#sha1" /><DigestValue>00wPx3WA448GMt7hrrjvL9bXAnQ=</DigestValue></Reference></SignedInfo><SignatureValue xmlns="http://www.w3.org/2000/09/xmldsig#">LpCy1IIkcJojQyxtaItxnYoYDdMuiiU3xPIWXa6nKWq2/nFsKiEv4oYSaGxIlw/HjA4QasaJdE3e/iiRkd7dBSZ0fxefgt5+v3Ng5pjyqHI8UHQGdgX4yjuJ7FcrPyvGlKaTU2J1GopbEEuHQZzv6uTu8G1/unoIh+sGcEyWdKg=</SignatureValue><KeyInfo xmlns="http://www.w3.org/2000/09/xmldsig#"><KeyValue><RSAKeyValue><Modulus>wRSGFs73V0JMKVVRCX9pEVmluvNojvtDvzHduZ+pX458q9THGbti8zEty6ydF7nxVFCRriONFm6w+PtcZhRT+eXMb21jzY6biII4BXdh91BmVZ96FyYROMnHS6zjfK7+oDbsVV8XWkZ11DiHa+9wySxQcc4fBd23xGYpo52p2fc=</Modulus><Exponent>AQAB</Exponent></RSAKeyValue></KeyValue></KeyInfo><Object Id="Sitecore.MSS.ForumExpress" xmlns="http://www.w3.org/2000/09/xmldsig#"><module xmlns=""><idref>20190513080011</idref><name>Sitecore.MSS.ForumExpress</name><count>1</count><expiration>20190713T000000</expiration><version>9</version><comment /><licenseagreement>?</licenseagreement></module></Object></Signature><Signature><SignedInfo xmlns="http://www.w3.org/2000/09/xmldsig#"><CanonicalizationMethod Algorithm="http://www.w3.org/TR/2001/REC-xml-c14n-20010315" /><SignatureMethod Algorithm="http://www.w3.org/2000/09/xmldsig#rsa-sha1" /><Reference URI="#Sitecore.MSS.ImageCollections"><DigestMethod Algorithm="http://www.w3.org/2000/09/xmldsig#sha1" /><DigestValue>SyHytz2Dhp4XgfaLR5AIQ+nfvQs=</DigestValue></Reference></SignedInfo><SignatureValue xmlns="http://www.w3.org/2000/09/xmldsig#">W5gGEq7udzQ+umgj5QvoMiQyzSJkbjDNcLLSb9Qf7EiukwP/gSE+zWLt1dXWkJhVeuLFmO65ij/hMMN39uiILOW1+h/tbE9XxrnulepxBBWOmVPey7Gx++LD+fykf8IDeXN9NXRoJbukMFQ6Eh9K8Zsd4udn6txlahVyZ5OyJyM=</SignatureValue><KeyInfo xmlns="http://www.w3.org/2000/09/xmldsig#"><KeyValue><RSAKeyValue><Modulus>wRSGFs73V0JMKVVRCX9pEVmluvNojvtDvzHduZ+pX458q9THGbti8zEty6ydF7nxVFCRriONFm6w+PtcZhRT+eXMb21jzY6biII4BXdh91BmVZ96FyYROMnHS6zjfK7+oDbsVV8XWkZ11DiHa+9wySxQcc4fBd23xGYpo52p2fc=</Modulus><Exponent>AQAB</Exponent></RSAKeyValue></KeyValue></KeyInfo><Object Id="Sitecore.MSS.ImageCollections" xmlns="http://www.w3.org/2000/09/xmldsig#"><module xmlns=""><idref>20190513080011</idref><name>Sitecore.MSS.ImageCollections</name><count>1</count><expiration>20190713T000000</expiration><version>9</version><comment /><licenseagreement>?</licenseagreement></module></Object></Signature><Signature><SignedInfo xmlns="http://www.w3.org/2000/09/xmldsig#"><CanonicalizationMethod Algorithm="http://www.w3.org/TR/2001/REC-xml-c14n-20010315" /><SignatureMethod Algorithm="http://www.w3.org/2000/09/xmldsig#rsa-sha1" /><Reference URI="#Sitecore.MSS.News"><DigestMethod Algorithm="http://www.w3.org/2000/09/xmldsig#sha1" /><DigestValue>EqQpzysy2LOEzMf/5FH1er4nX+c=</DigestValue></Reference></SignedInfo><SignatureValue xmlns="http://www.w3.org/2000/09/xmldsig#">cx97J+7tGAgrQZHQdgdiGLv8S3zGfLIVJbyEVgwb38k50hMwJex/Z4zhh59mldztwL0ZYguKibr8ZRaEhZiw/Tpx10EG6aMC/QeWDwm77bSLonJkwSDp5abTMH0cMewRmGYB7YD0J5VzlSx2D5J644s1x3AiSecibJ83/kcB43E=</SignatureValue><KeyInfo xmlns="http://www.w3.org/2000/09/xmldsig#"><KeyValue><RSAKeyValue><Modulus>wRSGFs73V0JMKVVRCX9pEVmluvNojvtDvzHduZ+pX458q9THGbti8zEty6ydF7nxVFCRriONFm6w+PtcZhRT+eXMb21jzY6biII4BXdh91BmVZ96FyYROMnHS6zjfK7+oDbsVV8XWkZ11DiHa+9wySxQcc4fBd23xGYpo52p2fc=</Modulus><Exponent>AQAB</Exponent></RSAKeyValue></KeyValue></KeyInfo><Object Id="Sitecore.MSS.News" xmlns="http://www.w3.org/2000/09/xmldsig#"><module xmlns=""><idref>20190513080011</idref><name>Sitecore.MSS.News</name><count>1</count><expiration>20190713T000000</expiration><version>9</version><comment /><licenseagreement>?</licenseagreement></module></Object></Signature><Signature><SignedInfo xmlns="http://www.w3.org/2000/09/xmldsig#"><CanonicalizationMethod Algorithm="http://www.w3.org/TR/2001/REC-xml-c14n-20010315" /><SignatureMethod Algorithm="http://www.w3.org/2000/09/xmldsig#rsa-sha1" /><Reference URI="#Sitecore.MSS.Newsletter"><DigestMethod Algorithm="http://www.w3.org/2000/09/xmldsig#sha1" /><DigestValue>khxFN9rlc8x8GRpR5OVCMgMRP4Q=</DigestValue></Reference></SignedInfo><SignatureValue xmlns="http://www.w3.org/2000/09/xmldsig#">QloylYYywrtwMAc/O3hnPwQTBJCl1K0INqcgGzAjV7CWl3LrbUbrJmigagF6OT0zwkGJInJmyryjoHpwDV/Jwp8gNtFpkz0PEIUdNxLrAfgeijitJDXK/kpVyMHDAGoh8dimOtm4BuULo1gri+4yUZjxWBLJkHxi6o9kydXs9T8=</SignatureValue><KeyInfo xmlns="http://www.w3.org/2000/09/xmldsig#"><KeyValue><RSAKeyValue><Modulus>wRSGFs73V0JMKVVRCX9pEVmluvNojvtDvzHduZ+pX458q9THGbti8zEty6ydF7nxVFCRriONFm6w+PtcZhRT+eXMb21jzY6biII4BXdh91BmVZ96FyYROMnHS6zjfK7+oDbsVV8XWkZ11DiHa+9wySxQcc4fBd23xGYpo52p2fc=</Modulus><Exponent>AQAB</Exponent></RSAKeyValue></KeyValue></KeyInfo><Object Id="Sitecore.MSS.Newsletter" xmlns="http://www.w3.org/2000/09/xmldsig#"><module xmlns=""><idref>20190513080011</idref><name>Sitecore.MSS.Newsletter</name><count>1</count><expiration>20190713T000000</expiration><version>9</version><comment /><licenseagreement>?</licenseagreement></module></Object></Signature><Signature><SignedInfo xmlns="http://www.w3.org/2000/09/xmldsig#"><CanonicalizationMethod Algorithm="http://www.w3.org/TR/2001/REC-xml-c14n-20010315" /><SignatureMethod Algorithm="http://www.w3.org/2000/09/xmldsig#rsa-sha1" /><Reference URI="#Sitecore.MSS.Runtime"><DigestMethod Algorithm="http://www.w3.org/2000/09/xmldsig#sha1" /><DigestValue>S4lyNzhEq/SRhuUOwrbee+bD30A=</DigestValue></Reference></SignedInfo><SignatureValue xmlns="http://www.w3.org/2000/09/xmldsig#">ErCoYatuCDHUQYV5IR01gNcg0/vh+bxtMYB3JgOMqoNKyhTzbSf176+1a6BONTi+psY3/tB2CbrUjNa+m7epXn83lDh+3ZUNgtyomHWqyVJWzTBCYC+K4t3zNuhoCsHWRz54UMOU4QC8LckGVv8YJO5uwKarBVq2Mdiq1Kwd79M=</SignatureValue><KeyInfo xmlns="http://www.w3.org/2000/09/xmldsig#"><KeyValue><RSAKeyValue><Modulus>wRSGFs73V0JMKVVRCX9pEVmluvNojvtDvzHduZ+pX458q9THGbti8zEty6ydF7nxVFCRriONFm6w+PtcZhRT+eXMb21jzY6biII4BXdh91BmVZ96FyYROMnHS6zjfK7+oDbsVV8XWkZ11DiHa+9wySxQcc4fBd23xGYpo52p2fc=</Modulus><Exponent>AQAB</Exponent></RSAKeyValue></KeyValue></KeyInfo><Object Id="Sitecore.MSS.Runtime" xmlns="http://www.w3.org/2000/09/xmldsig#"><module xmlns=""><idref>20190513080011</idref><name>Sitecore.MSS.Runtime</name><count>1</count><expiration>20190713T000000</expiration><version>9</version><comment /><licenseagreement>?</licenseagreement></module></Object></Signature><Signature><SignedInfo xmlns="http://www.w3.org/2000/09/xmldsig#"><CanonicalizationMethod Algorithm="http://www.w3.org/TR/2001/REC-xml-c14n-20010315" /><SignatureMethod Algorithm="http://www.w3.org/2000/09/xmldsig#rsa-sha1" /><Reference URI="#Sitecore.MSS.SiteDocuments"><DigestMethod Algorithm="http://www.w3.org/2000/09/xmldsig#sha1" /><DigestValue>s+yO0VZyoFjbj+VInPyB/RM2fP8=</DigestValue></Reference></SignedInfo><SignatureValue xmlns="http://www.w3.org/2000/09/xmldsig#">CSC229s1ZB0acMb6N1F+uAidf5llmhMQUsN7Q9MNsYef+N4/8cf8PzBRxWNLjyqBUzHBOOWfFdzjnRvgHLhfNXrGw4S3yzvinXx/gq1Go3lE4nlEo/BDwKWPcKpCTkvZ+GllPPwWFdPVxJcs/3Glt+EGM5Uy+SZcZhK3iWpg/so=</SignatureValue><KeyInfo xmlns="http://www.w3.org/2000/09/xmldsig#"><KeyValue><RSAKeyValue><Modulus>wRSGFs73V0JMKVVRCX9pEVmluvNojvtDvzHduZ+pX458q9THGbti8zEty6ydF7nxVFCRriONFm6w+PtcZhRT+eXMb21jzY6biII4BXdh91BmVZ96FyYROMnHS6zjfK7+oDbsVV8XWkZ11DiHa+9wySxQcc4fBd23xGYpo52p2fc=</Modulus><Exponent>AQAB</Exponent></RSAKeyValue></KeyValue></KeyInfo><Object Id="Sitecore.MSS.SiteDocuments" xmlns="http://www.w3.org/2000/09/xmldsig#"><module xmlns=""><idref>20190513080011</idref><name>Sitecore.MSS.SiteDocuments</name><count>1</count><expiration>20190713T000000</expiration><version>9</version><comment /><licenseagreement>?</licenseagreement></module></Object></Signature><Signature><SignedInfo xmlns="http://www.w3.org/2000/09/xmldsig#"><CanonicalizationMethod Algorithm="http://www.w3.org/TR/2001/REC-xml-c14n-20010315" /><SignatureMethod Algorithm="http://www.w3.org/2000/09/xmldsig#rsa-sha1" /><Reference URI="#Sitecore.MSS.SiteEditors"><DigestMethod Algorithm="http://www.w3.org/2000/09/xmldsig#sha1" /><DigestValue>jgKO25aaVzF4vdbQF2HuYNQ9w0s=</DigestValue></Reference></SignedInfo><SignatureValue xmlns="http://www.w3.org/2000/09/xmldsig#">J3IT9ChoMm2fSXj9tCrVQuMDZkEegvNjEBJDTjp5I2NwzbVmgAbF67ftDbBXqlzo9yN/HEKf1WEvS3RLwwUyDw6CpUQfg1ZUlpOzwouJhvZ02KYTT0SFjaXzOkuC4hn1RHIB7YUb0vJ3d1Vy9nJjEbj/PkLCDHjuCcMDQ58/drk=</SignatureValue><KeyInfo xmlns="http://www.w3.org/2000/09/xmldsig#"><KeyValue><RSAKeyValue><Modulus>wRSGFs73V0JMKVVRCX9pEVmluvNojvtDvzHduZ+pX458q9THGbti8zEty6ydF7nxVFCRriONFm6w+PtcZhRT+eXMb21jzY6biII4BXdh91BmVZ96FyYROMnHS6zjfK7+oDbsVV8XWkZ11DiHa+9wySxQcc4fBd23xGYpo52p2fc=</Modulus><Exponent>AQAB</Exponent></RSAKeyValue></KeyValue></KeyInfo><Object Id="Sitecore.MSS.SiteEditors" xmlns="http://www.w3.org/2000/09/xmldsig#"><module xmlns=""><idref>20190513080011</idref><name>Sitecore.MSS.SiteEditors</name><count>1</count><expiration>20190713T000000</expiration><version>9</version><comment /><licenseagreement>?</licenseagreement></module></Object></Signature><Signature><SignedInfo xmlns="http://www.w3.org/2000/09/xmldsig#"><CanonicalizationMethod Algorithm="http://www.w3.org/TR/2001/REC-xml-c14n-20010315" /><SignatureMethod Algorithm="http://www.w3.org/2000/09/xmldsig#rsa-sha1" /><Reference URI="#Sitecore.MSS.Sites"><DigestMethod Algorithm="http://www.w3.org/2000/09/xmldsig#sha1" /><DigestValue>8KBzSjFALJ8aHjzC0aaNqQTAy/c=</DigestValue></Reference></SignedInfo><SignatureValue xmlns="http://www.w3.org/2000/09/xmldsig#">lW5yY5u4riAcdurtpf9qBg71TVeChVIaTZ4MZDy8AvMvmL4Cx8kLwbvrCmIq5PDsMslQLFNVBZ6DN2JoYdIucn77QHuystaRhVXYUBEHdxEIoL8qC3XIe9hJZoRhaAtWo5yo7+I/yxzvlurkr1OQHURamwu3wC62SXL0eC5oxrY=</SignatureValue><KeyInfo xmlns="http://www.w3.org/2000/09/xmldsig#"><KeyValue><RSAKeyValue><Modulus>wRSGFs73V0JMKVVRCX9pEVmluvNojvtDvzHduZ+pX458q9THGbti8zEty6ydF7nxVFCRriONFm6w+PtcZhRT+eXMb21jzY6biII4BXdh91BmVZ96FyYROMnHS6zjfK7+oDbsVV8XWkZ11DiHa+9wySxQcc4fBd23xGYpo52p2fc=</Modulus><Exponent>AQAB</Exponent></RSAKeyValue></KeyValue></KeyInfo><Object Id="Sitecore.MSS.Sites" xmlns="http://www.w3.org/2000/09/xmldsig#"><module xmlns=""><idref>20190513080011</idref><name>Sitecore.MSS.Sites</name><count>10000</count><expiration>20190713T000000</expiration><version>9</version><comment /><licenseagreement>?</licenseagreement></module></Object></Signature><Signature><SignedInfo xmlns="http://www.w3.org/2000/09/xmldsig#"><CanonicalizationMethod Algorithm="http://www.w3.org/TR/2001/REC-xml-c14n-20010315" /><SignatureMethod Algorithm="http://www.w3.org/2000/09/xmldsig#rsa-sha1" /><Reference URI="#Sitecore.MSS.SMS"><DigestMethod Algorithm="http://www.w3.org/2000/09/xmldsig#sha1" /><DigestValue>6jH/ctKilZF51ZZTyTU79EvhkpA=</DigestValue></Reference></SignedInfo><SignatureValue xmlns="http://www.w3.org/2000/09/xmldsig#">IIkRnfo+f/OX2aIZtgLqc7icFbli77mu7sVPUuZqvx30lAyP1Of6ggbpp8pQ9BBNrpT/LVuMJ3tUdQMvL27Q88KOx9OpWmLNymD40s6lgazZumLNE2ciM/0tGEgLzJ4/r4skB2NktabaVVm9ltRFcjwgajn5Wx4o9x9upuGEAls=</SignatureValue><KeyInfo xmlns="http://www.w3.org/2000/09/xmldsig#"><KeyValue><RSAKeyValue><Modulus>wRSGFs73V0JMKVVRCX9pEVmluvNojvtDvzHduZ+pX458q9THGbti8zEty6ydF7nxVFCRriONFm6w+PtcZhRT+eXMb21jzY6biII4BXdh91BmVZ96FyYROMnHS6zjfK7+oDbsVV8XWkZ11DiHa+9wySxQcc4fBd23xGYpo52p2fc=</Modulus><Exponent>AQAB</Exponent></RSAKeyValue></KeyValue></KeyInfo><Object Id="Sitecore.MSS.SMS" xmlns="http://www.w3.org/2000/09/xmldsig#"><module xmlns=""><idref>20190513080011</idref><name>Sitecore.MSS.SMS</name><count>1</count><expiration>20190713T000000</expiration><version>9</version><comment /><licenseagreement>?</licenseagreement></module></Object></Signature><Signature><SignedInfo xmlns="http://www.w3.org/2000/09/xmldsig#"><CanonicalizationMethod Algorithm="http://www.w3.org/TR/2001/REC-xml-c14n-20010315" /><SignatureMethod Algorithm="http://www.w3.org/2000/09/xmldsig#rsa-sha1" /><Reference URI="#Sitecore.OMS"><DigestMethod Algorithm="http://www.w3.org/2000/09/xmldsig#sha1" /><DigestValue>B8ATzA9gDFo8XfZPRMWe8jon7sc=</DigestValue></Reference></SignedInfo><SignatureValue xmlns="http://www.w3.org/2000/09/xmldsig#">DwhvHnoVoslKL2dwN5iV5oaA31PGcB/FCYEbTPSgkNZpFEqIsj+gd8VFiFh1x4XF+2YW+A+CHpWxiYb4ZwnyzDqPVfm+JypkNw2XzdMX45Jyl86IyN3Aod2UvBHMulb8EjcVqZZWh3p8tryf7MF1ZzZVVCTc+QEIHUnQAudg2l0=</SignatureValue><KeyInfo xmlns="http://www.w3.org/2000/09/xmldsig#"><KeyValue><RSAKeyValue><Modulus>wRSGFs73V0JMKVVRCX9pEVmluvNojvtDvzHduZ+pX458q9THGbti8zEty6ydF7nxVFCRriONFm6w+PtcZhRT+eXMb21jzY6biII4BXdh91BmVZ96FyYROMnHS6zjfK7+oDbsVV8XWkZ11DiHa+9wySxQcc4fBd23xGYpo52p2fc=</Modulus><Exponent>AQAB</Exponent></RSAKeyValue></KeyValue></KeyInfo><Object Id="Sitecore.OMS" xmlns="http://www.w3.org/2000/09/xmldsig#"><module xmlns=""><idref>20190513080011</idref><name>Sitecore.OMS</name><count>1</count><expiration>20190713T000000</expiration><version>9</version><comment /><licenseagreement>?</licenseagreement></module></Object></Signature><Signature><SignedInfo xmlns="http://www.w3.org/2000/09/xmldsig#"><CanonicalizationMethod Algorithm="http://www.w3.org/TR/2001/REC-xml-c14n-20010315" /><SignatureMethod Algorithm="http://www.w3.org/2000/09/xmldsig#rsa-sha1" /><Reference URI="#Sitecore.Oracle"><DigestMethod Algorithm="http://www.w3.org/2000/09/xmldsig#sha1" /><DigestValue>C496DfQFvzSvDmNfCI93n7Cw8Zw=</DigestValue></Reference></SignedInfo><SignatureValue xmlns="http://www.w3.org/2000/09/xmldsig#">G+H0ItO2DivMFplpX2nynoM7sN7CRkf/1rQmoHXWRKLkf4Wfrz/fxx55zE+D8AA29iP5L94fN3cKNet4obfRkxZhbx6ZgIRBL7I1Hb2jmdUVJG2LQXg1BlzGzFaFfVEoyUm/0v7c3VlnRVb4bagv9RsoGt7oyDRKSjSYmuu0qgQ=</SignatureValue><KeyInfo xmlns="http://www.w3.org/2000/09/xmldsig#"><KeyValue><RSAKeyValue><Modulus>wRSGFs73V0JMKVVRCX9pEVmluvNojvtDvzHduZ+pX458q9THGbti8zEty6ydF7nxVFCRriONFm6w+PtcZhRT+eXMb21jzY6biII4BXdh91BmVZ96FyYROMnHS6zjfK7+oDbsVV8XWkZ11DiHa+9wySxQcc4fBd23xGYpo52p2fc=</Modulus><Exponent>AQAB</Exponent></RSAKeyValue></KeyValue></KeyInfo><Object Id="Sitecore.Oracle" xmlns="http://www.w3.org/2000/09/xmldsig#"><module xmlns=""><idref>20190513080011</idref><name>Sitecore.Oracle</name><count>1</count><expiration>20190713T000000</expiration><version>9</version><comment /><licenseagreement>?</licenseagreement></module></Object></Signature><Signature><SignedInfo xmlns="http://www.w3.org/2000/09/xmldsig#"><CanonicalizationMethod Algorithm="http://www.w3.org/TR/2001/REC-xml-c14n-20010315" /><SignatureMethod Algorithm="http://www.w3.org/2000/09/xmldsig#rsa-sha1" /><Reference URI="#Sitecore.Print.DocumentService"><DigestMethod Algorithm="http://www.w3.org/2000/09/xmldsig#sha1" /><DigestValue>FPzG9ht1p4qlx9ikFiMzxzNQaZc=</DigestValue></Reference></SignedInfo><SignatureValue xmlns="http://www.w3.org/2000/09/xmldsig#">Zbb/2ew7xyMHE3o+yUd4t6ZzjdV4MD9GYtIk1vp01N2jDzqEScCEioF5S4779GshvIevdFOdiJGaWAfUZxtLSEwYj4L0IV2TNCGOjh5XsuoOSLz8c/T8W/P2v6NPXe/9hkBdJsMGI1ufFH86yhxlYewUt6yInwdAO4tYw1OuKzo=</SignatureValue><KeyInfo xmlns="http://www.w3.org/2000/09/xmldsig#"><KeyValue><RSAKeyValue><Modulus>wRSGFs73V0JMKVVRCX9pEVmluvNojvtDvzHduZ+pX458q9THGbti8zEty6ydF7nxVFCRriONFm6w+PtcZhRT+eXMb21jzY6biII4BXdh91BmVZ96FyYROMnHS6zjfK7+oDbsVV8XWkZ11DiHa+9wySxQcc4fBd23xGYpo52p2fc=</Modulus><Exponent>AQAB</Exponent></RSAKeyValue></KeyValue></KeyInfo><Object Id="Sitecore.Print.DocumentService" xmlns="http://www.w3.org/2000/09/xmldsig#"><module xmlns=""><idref>20190513080011</idref><name>Sitecore.Print.DocumentService</name><count>1</count><expiration>20190713T000000</expiration><version>9</version><comment /><licenseagreement>?</licenseagreement></module></Object></Signature><Signature><SignedInfo xmlns="http://www.w3.org/2000/09/xmldsig#"><CanonicalizationMethod Algorithm="http://www.w3.org/TR/2001/REC-xml-c14n-20010315" /><SignatureMethod Algorithm="http://www.w3.org/2000/09/xmldsig#rsa-sha1" /><Reference URI="#Sitecore.Print.Runtime"><DigestMethod Algorithm="http://www.w3.org/2000/09/xmldsig#sha1" /><DigestValue>EtuONwGgDXtdstg4B+XcQiiInE8=</DigestValue></Reference></SignedInfo><SignatureValue xmlns="http://www.w3.org/2000/09/xmldsig#">FZ2hjBzK23QyAYVJcm4RyU+mzqnpxN8syi3u6Ksfm7BCtxo2DtRHEeclyKqWVNQYljeUQlLeJifUWbNubk1xuDzOSU2AQeoV0nUQRd/nlBD+aLC2GTg3AiDYnniKwws3SzU0cPxfVts39h3Nh0hDoxHOF5S4e+p/11M6TvsMauQ=</SignatureValue><KeyInfo xmlns="http://www.w3.org/2000/09/xmldsig#"><KeyValue><RSAKeyValue><Modulus>wRSGFs73V0JMKVVRCX9pEVmluvNojvtDvzHduZ+pX458q9THGbti8zEty6ydF7nxVFCRriONFm6w+PtcZhRT+eXMb21jzY6biII4BXdh91BmVZ96FyYROMnHS6zjfK7+oDbsVV8XWkZ11DiHa+9wySxQcc4fBd23xGYpo52p2fc=</Modulus><Exponent>AQAB</Exponent></RSAKeyValue></KeyValue></KeyInfo><Object Id="Sitecore.Print.Runtime" xmlns="http://www.w3.org/2000/09/xmldsig#"><module xmlns=""><idref>20190513080011</idref><name>Sitecore.Print.Runtime</name><count>1</count><expiration>20190713T000000</expiration><version>9</version><comment /><licenseagreement>?</licenseagreement></module></Object></Signature><Signature><SignedInfo xmlns="http://www.w3.org/2000/09/xmldsig#"><CanonicalizationMethod Algorithm="http://www.w3.org/TR/2001/REC-xml-c14n-20010315" /><SignatureMethod Algorithm="http://www.w3.org/2000/09/xmldsig#rsa-sha1" /><Reference URI="#Sitecore.Print.User"><DigestMethod Algorithm="http://www.w3.org/2000/09/xmldsig#sha1" /><DigestValue>T0jqteRbkxE+LkE7IHt94epBh2w=</DigestValue></Reference></SignedInfo><SignatureValue xmlns="http://www.w3.org/2000/09/xmldsig#">LF+tBKYEYit4HZexVX0vB2U02tSPgr4/oHsKE5stQeyT6Txnk+fjy/jj57qDuNHdXW1hibAJ8QnTUTtFugOQ5eIrSgVgi0GF815xWtuIvEpFAwwL/c/RsWlYxLrv47/RnudYprhiCOXI+Xqe7qrU+62ex89va+GS5/inqjZN5BQ=</SignatureValue><KeyInfo xmlns="http://www.w3.org/2000/09/xmldsig#"><KeyValue><RSAKeyValue><Modulus>wRSGFs73V0JMKVVRCX9pEVmluvNojvtDvzHduZ+pX458q9THGbti8zEty6ydF7nxVFCRriONFm6w+PtcZhRT+eXMb21jzY6biII4BXdh91BmVZ96FyYROMnHS6zjfK7+oDbsVV8XWkZ11DiHa+9wySxQcc4fBd23xGYpo52p2fc=</Modulus><Exponent>AQAB</Exponent></RSAKeyValue></KeyValue></KeyInfo><Object Id="Sitecore.Print.User" xmlns="http://www.w3.org/2000/09/xmldsig#"><module xmlns=""><idref>20190513080011</idref><name>Sitecore.Print.User</name><count>1</count><expiration>20190713T000000</expiration><version>9</version><comment /><licenseagreement>?</licenseagreement></module></Object></Signature><Signature><SignedInfo xmlns="http://www.w3.org/2000/09/xmldsig#"><CanonicalizationMethod Algorithm="http://www.w3.org/TR/2001/REC-xml-c14n-20010315" /><SignatureMethod Algorithm="http://www.w3.org/2000/09/xmldsig#rsa-sha1" /><Reference URI="#Sitecore.Print.Workstation"><DigestMethod Algorithm="http://www.w3.org/2000/09/xmldsig#sha1" /><DigestValue>rWn3xYAY9WHMShH2AUPhLwMXU4w=</DigestValue></Reference></SignedInfo><SignatureValue xmlns="http://www.w3.org/2000/09/xmldsig#">IJBPDFqRN2rAECVPaGHIXpApkdXretv4KTjco7i6BnlGpcKPC97qVTnXSZKivjdzszfs4mpS5huhuuqAoSQL/9nGxup4Yn4VwEfII/w8wHJIybvetbo37rlmvDFSPHCniZp7H5aMj/vDR1xUGO28TzLucsbwP9byE/rkcOlCLCo=</SignatureValue><KeyInfo xmlns="http://www.w3.org/2000/09/xmldsig#"><KeyValue><RSAKeyValue><Modulus>wRSGFs73V0JMKVVRCX9pEVmluvNojvtDvzHduZ+pX458q9THGbti8zEty6ydF7nxVFCRriONFm6w+PtcZhRT+eXMb21jzY6biII4BXdh91BmVZ96FyYROMnHS6zjfK7+oDbsVV8XWkZ11DiHa+9wySxQcc4fBd23xGYpo52p2fc=</Modulus><Exponent>AQAB</Exponent></RSAKeyValue></KeyValue></KeyInfo><Object Id="Sitecore.Print.Workstation" xmlns="http://www.w3.org/2000/09/xmldsig#"><module xmlns=""><idref>20190513080011</idref><name>Sitecore.Print.Workstation</name><count>1</count><expiration>20190713T000000</expiration><version>9</version><comment /><licenseagreement>?</licenseagreement></module></Object></Signature><Signature><SignedInfo xmlns="http://www.w3.org/2000/09/xmldsig#"><CanonicalizationMethod Algorithm="http://www.w3.org/TR/2001/REC-xml-c14n-20010315" /><SignatureMethod Algorithm="http://www.w3.org/2000/09/xmldsig#rsa-sha1" /><Reference URI="#SiteCore.Runtime"><DigestMethod Algorithm="http://www.w3.org/2000/09/xmldsig#sha1" /><DigestValue>dKPFnMpjKJ5F8wT/Z54H7Cwe/DU=</DigestValue></Reference></SignedInfo><SignatureValue xmlns="http://www.w3.org/2000/09/xmldsig#">aB68w8MMpEooOyP01/U2/tvm8MCeNHgAbxlSu69nwRU/HGgIRB95awA5DSPYDE/lzlPhWzYOYlpr2ilQuBQ7NkUlB0iNOKiQJfZwVAr+g8FWhch0Q9lead6g/lK5gvhpBzahaagjD60gU019ACTnIntFDm9eltxhod8gFmYGb3Q=</SignatureValue><KeyInfo xmlns="http://www.w3.org/2000/09/xmldsig#"><KeyValue><RSAKeyValue><Modulus>wRSGFs73V0JMKVVRCX9pEVmluvNojvtDvzHduZ+pX458q9THGbti8zEty6ydF7nxVFCRriONFm6w+PtcZhRT+eXMb21jzY6biII4BXdh91BmVZ96FyYROMnHS6zjfK7+oDbsVV8XWkZ11DiHa+9wySxQcc4fBd23xGYpo52p2fc=</Modulus><Exponent>AQAB</Exponent></RSAKeyValue></KeyValue></KeyInfo><Object Id="SiteCore.Runtime" xmlns="http://www.w3.org/2000/09/xmldsig#"><module xmlns=""><idref>20190513080011</idref><name>SiteCore.Runtime</name><count>1</count><expiration>20190713T000000</expiration><version>9</version><comment /><licenseagreement>?</licenseagreement></module></Object></Signature><Signature><SignedInfo xmlns="http://www.w3.org/2000/09/xmldsig#"><CanonicalizationMethod Algorithm="http://www.w3.org/TR/2001/REC-xml-c14n-20010315" /><SignatureMethod Algorithm="http://www.w3.org/2000/09/xmldsig#rsa-sha1" /><Reference URI="#Sitecore.SEO"><DigestMethod Algorithm="http://www.w3.org/2000/09/xmldsig#sha1" /><DigestValue>Hs2AAsPqMC/teTxGszgudhUDBWU=</DigestValue></Reference></SignedInfo><SignatureValue xmlns="http://www.w3.org/2000/09/xmldsig#">oDiAQY3B4AovKq5+IYtr9Y+03M527oINxuLelcwj+3Jzl2T95FmlIewNll0I+IhPjH1S5jMQA8st3d1J/fi8lp+bsEiRSGULmEJi/8YdXeT+KATLii+e00zQxIXbzbfp8Q/C6qswgBv2Xo2Zp4Lj5NqNfgADsLASHmjPr5ahsIw=</SignatureValue><KeyInfo xmlns="http://www.w3.org/2000/09/xmldsig#"><KeyValue><RSAKeyValue><Modulus>wRSGFs73V0JMKVVRCX9pEVmluvNojvtDvzHduZ+pX458q9THGbti8zEty6ydF7nxVFCRriONFm6w+PtcZhRT+eXMb21jzY6biII4BXdh91BmVZ96FyYROMnHS6zjfK7+oDbsVV8XWkZ11DiHa+9wySxQcc4fBd23xGYpo52p2fc=</Modulus><Exponent>AQAB</Exponent></RSAKeyValue></KeyValue></KeyInfo><Object Id="Sitecore.SEO" xmlns="http://www.w3.org/2000/09/xmldsig#"><module xmlns=""><idref>20190513080011</idref><name>Sitecore.SEO</name><count>1</count><expiration>20190713T000000</expiration><version>9</version><comment /><licenseagreement>?</licenseagreement></module></Object></Signature><Signature><SignedInfo xmlns="http://www.w3.org/2000/09/xmldsig#"><CanonicalizationMethod Algorithm="http://www.w3.org/TR/2001/REC-xml-c14n-20010315" /><SignatureMethod Algorithm="http://www.w3.org/2000/09/xmldsig#rsa-sha1" /><Reference URI="#Sitecore.Sharepoint"><DigestMethod Algorithm="http://www.w3.org/2000/09/xmldsig#sha1" /><DigestValue>xmbzyrfXdeqhaT+sgkcvyI34ml0=</DigestValue></Reference></SignedInfo><SignatureValue xmlns="http://www.w3.org/2000/09/xmldsig#">qP+Of4zxVk2Z2Y9ZsN9qIkKP8r+kDZkZ6cpWif3mipKBdyb3xp59FaPVEm78h6eA76sZ4/gYuAxSI3PBT7eR3F6+f/S037knt/MoJoGkPPpR6/uVbmfzMZWN2kI3XK74B4ftmCvqZFegaZXecaak7HwzpXxPwsvs72Z/OT4LuuE=</SignatureValue><KeyInfo xmlns="http://www.w3.org/2000/09/xmldsig#"><KeyValue><RSAKeyValue><Modulus>wRSGFs73V0JMKVVRCX9pEVmluvNojvtDvzHduZ+pX458q9THGbti8zEty6ydF7nxVFCRriONFm6w+PtcZhRT+eXMb21jzY6biII4BXdh91BmVZ96FyYROMnHS6zjfK7+oDbsVV8XWkZ11DiHa+9wySxQcc4fBd23xGYpo52p2fc=</Modulus><Exponent>AQAB</Exponent></RSAKeyValue></KeyValue></KeyInfo><Object Id="Sitecore.Sharepoint" xmlns="http://www.w3.org/2000/09/xmldsig#"><module xmlns=""><idref>20190513080011</idref><name>Sitecore.Sharepoint</name><count>1</count><expiration>20190713T000000</expiration><version>9</version><comment /><licenseagreement>?</licenseagreement></module></Object></Signature><Signature><SignedInfo xmlns="http://www.w3.org/2000/09/xmldsig#"><CanonicalizationMethod Algorithm="http://www.w3.org/TR/2001/REC-xml-c14n-20010315" /><SignatureMethod Algorithm="http://www.w3.org/2000/09/xmldsig#rsa-sha1" /><Reference URI="#Sitecore.SiteUser"><DigestMethod Algorithm="http://www.w3.org/2000/09/xmldsig#sha1" /><DigestValue>7Sj6XFSFnyTfxdy5buVlnSilsgA=</DigestValue></Reference></SignedInfo><SignatureValue xmlns="http://www.w3.org/2000/09/xmldsig#">FzBfO9J0esaIMfPQys5jdH8qnU4wZxIoPuiLIijmSu/Np3mAjVGYuwlgp1KyE4HTRWNdli4MMWSPLNXseqwXlwv2dBRykXthlRthP5IBIHMfN2FYaFcfBDtNose/VXvDNq52mgVW3c0PoXl9fDDVYdkRXdquUT9CT5BbrhMNdqA=</SignatureValue><KeyInfo xmlns="http://www.w3.org/2000/09/xmldsig#"><KeyValue><RSAKeyValue><Modulus>wRSGFs73V0JMKVVRCX9pEVmluvNojvtDvzHduZ+pX458q9THGbti8zEty6ydF7nxVFCRriONFm6w+PtcZhRT+eXMb21jzY6biII4BXdh91BmVZ96FyYROMnHS6zjfK7+oDbsVV8XWkZ11DiHa+9wySxQcc4fBd23xGYpo52p2fc=</Modulus><Exponent>AQAB</Exponent></RSAKeyValue></KeyValue></KeyInfo><Object Id="Sitecore.SiteUser" xmlns="http://www.w3.org/2000/09/xmldsig#"><module xmlns=""><idref>20190513080011</idref><name>Sitecore.SiteUser</name><count>1000</count><expiration>20190713T000000</expiration><version>9</version><comment /><licenseagreement>?</licenseagreement></module></Object></Signature><Signature><SignedInfo xmlns="http://www.w3.org/2000/09/xmldsig#"><CanonicalizationMethod Algorithm="http://www.w3.org/TR/2001/REC-xml-c14n-20010315" /><SignatureMethod Algorithm="http://www.w3.org/2000/09/xmldsig#rsa-sha1" /><Reference URI="#SiteCore.SQLConnector"><DigestMethod Algorithm="http://www.w3.org/2000/09/xmldsig#sha1" /><DigestValue>8GQJlnevJUCfTGb307ItljBJBfg=</DigestValue></Reference></SignedInfo><SignatureValue xmlns="http://www.w3.org/2000/09/xmldsig#">qjQH84uC2ATlkCLw09K/B/+QKfwCgCriIqHeGo86pxxc3nFtfJlmidJ/pUVr1xXhSBF+FkVRA/nsdj18rRc8lYB4qG7dHW4Mr+0Xcfe2km3Mcyse3HzoRh6kyyvhUrwHSe2y3njgSO+4/FCDxN3jbLB6Szb5e40MoyEKUyYbtgo=</SignatureValue><KeyInfo xmlns="http://www.w3.org/2000/09/xmldsig#"><KeyValue><RSAKeyValue><Modulus>wRSGFs73V0JMKVVRCX9pEVmluvNojvtDvzHduZ+pX458q9THGbti8zEty6ydF7nxVFCRriONFm6w+PtcZhRT+eXMb21jzY6biII4BXdh91BmVZ96FyYROMnHS6zjfK7+oDbsVV8XWkZ11DiHa+9wySxQcc4fBd23xGYpo52p2fc=</Modulus><Exponent>AQAB</Exponent></RSAKeyValue></KeyValue></KeyInfo><Object Id="SiteCore.SQLConnector" xmlns="http://www.w3.org/2000/09/xmldsig#"><module xmlns=""><idref>20190513080011</idref><name>SiteCore.SQLConnector</name><count>1</count><expiration>20190713T000000</expiration><version>9</version><comment /><licenseagreement>?</licenseagreement></module></Object></Signature><Signature><SignedInfo xmlns="http://www.w3.org/2000/09/xmldsig#"><CanonicalizationMethod Algorithm="http://www.w3.org/TR/2001/REC-xml-c14n-20010315" /><SignatureMethod Algorithm="http://www.w3.org/2000/09/xmldsig#rsa-sha1" /><Reference URI="#Sitecore.SXA"><DigestMethod Algorithm="http://www.w3.org/2000/09/xmldsig#sha1" /><DigestValue>sT9OCbyzZ4T0ULBdgVCB+nHqUG4=</DigestValue></Reference></SignedInfo><SignatureValue xmlns="http://www.w3.org/2000/09/xmldsig#">VSK8EEB76y+eNiMUgwJkdZCc+jpuqgR/oEmX1z25eZF28qJ8uipcX7X/Ru/oAy9tuciOXbi9Hy5Y/Y5Qy6gPKFBHM4ToUyND/2K9Ux6IEyXh/IfBsmF0lKUceO9e1xV8DwN8yhZubyLdsi26uhGORkWzUxa04Gubl2L4wQuocmk=</SignatureValue><KeyInfo xmlns="http://www.w3.org/2000/09/xmldsig#"><KeyValue><RSAKeyValue><Modulus>wRSGFs73V0JMKVVRCX9pEVmluvNojvtDvzHduZ+pX458q9THGbti8zEty6ydF7nxVFCRriONFm6w+PtcZhRT+eXMb21jzY6biII4BXdh91BmVZ96FyYROMnHS6zjfK7+oDbsVV8XWkZ11DiHa+9wySxQcc4fBd23xGYpo52p2fc=</Modulus><Exponent>AQAB</Exponent></RSAKeyValue></KeyValue></KeyInfo><Object Id="Sitecore.SXA" xmlns="http://www.w3.org/2000/09/xmldsig#"><module xmlns=""><idref>20190513080011</idref><name>Sitecore.SXA</name><count>1</count><expiration>20190713T000000</expiration><version>9</version><comment /><licenseagreement>?</licenseagreement></module></Object></Signature><Signature><SignedInfo xmlns="http://www.w3.org/2000/09/xmldsig#"><CanonicalizationMethod Algorithm="http://www.w3.org/TR/2001/REC-xml-c14n-20010315" /><SignatureMethod Algorithm="http://www.w3.org/2000/09/xmldsig#rsa-sha1" /><Reference URI="#Sitecore.Visit"><DigestMethod Algorithm="http://www.w3.org/2000/09/xmldsig#sha1" /><DigestValue>U53zVMfPX3qII4rMxrJCbfXPKtM=</DigestValue></Reference></SignedInfo><SignatureValue xmlns="http://www.w3.org/2000/09/xmldsig#">GKK9un73EpsgdGZZFW/KS5EgCJOrATdggBG6wRQaYri8h3koeGbGyBAEqlkeh3ycetq/vVs2PC2dk1A95tUdO2C7bmJANzwlJJGpLWxTlzFHbp+NqQdC3cDVMhk8wKCrzuzrTLo14yKQQzzyUBXN+mFTXojJEU/xaazOdqqQ4h4=</SignatureValue><KeyInfo xmlns="http://www.w3.org/2000/09/xmldsig#"><KeyValue><RSAKeyValue><Modulus>wRSGFs73V0JMKVVRCX9pEVmluvNojvtDvzHduZ+pX458q9THGbti8zEty6ydF7nxVFCRriONFm6w+PtcZhRT+eXMb21jzY6biII4BXdh91BmVZ96FyYROMnHS6zjfK7+oDbsVV8XWkZ11DiHa+9wySxQcc4fBd23xGYpo52p2fc=</Modulus><Exponent>AQAB</Exponent></RSAKeyValue></KeyValue></KeyInfo><Object Id="Sitecore.Visit" xmlns="http://www.w3.org/2000/09/xmldsig#"><module xmlns=""><idref>20190513080011</idref><name>Sitecore.Visit</name><count>1</count><expiration>20190713T000000</expiration><version>9</version><comment /><licenseagreement>?</licenseagreement></module></Object></Signature><Signature><SignedInfo xmlns="http://www.w3.org/2000/09/xmldsig#"><CanonicalizationMethod Algorithm="http://www.w3.org/TR/2001/REC-xml-c14n-20010315" /><SignatureMethod Algorithm="http://www.w3.org/2000/09/xmldsig#rsa-sha1" /><Reference URI="#Sitecore.WFFM"><DigestMethod Algorithm="http://www.w3.org/2000/09/xmldsig#sha1" /><DigestValue>Ae7sqxT7/u86G8k4xsqKMbS5Q+k=</DigestValue></Reference></SignedInfo><SignatureValue xmlns="http://www.w3.org/2000/09/xmldsig#">TLMaOsve+GWviUtrgw02rRTRRoloUHik/m3Cxm5T7wAeEqZ+VOyeGTqdIsGid33NJlL3fNVHseeehhzf8Znq3eYTgkKQya3CvGMpPdXTNzVnyz0ikUAFC2F+OPxzcn7NVBlniDUqbABUYJoP35WHafNmf9YTnNJ2i8vP/iy4Q5g=</SignatureValue><KeyInfo xmlns="http://www.w3.org/2000/09/xmldsig#"><KeyValue><RSAKeyValue><Modulus>wRSGFs73V0JMKVVRCX9pEVmluvNojvtDvzHduZ+pX458q9THGbti8zEty6ydF7nxVFCRriONFm6w+PtcZhRT+eXMb21jzY6biII4BXdh91BmVZ96FyYROMnHS6zjfK7+oDbsVV8XWkZ11DiHa+9wySxQcc4fBd23xGYpo52p2fc=</Modulus><Exponent>AQAB</Exponent></RSAKeyValue></KeyValue></KeyInfo><Object Id="Sitecore.WFFM" xmlns="http://www.w3.org/2000/09/xmldsig#"><module xmlns=""><idref>20190513080011</idref><name>Sitecore.WFFM</name><count>1</count><expiration>20190713T000000</expiration><version>9</version><comment /><licenseagreement>?</licenseagreement></module></Object></Signature><Signature><SignedInfo xmlns="http://www.w3.org/2000/09/xmldsig#"><CanonicalizationMethod Algorithm="http://www.w3.org/TR/2001/REC-xml-c14n-20010315" /><SignatureMethod Algorithm="http://www.w3.org/2000/09/xmldsig#rsa-sha1" /><Reference URI="#Sitecore.xDB.Base"><DigestMethod Algorithm="http://www.w3.org/2000/09/xmldsig#sha1" /><DigestValue>0EVyTEzgGK9EF6xLOl/3rjXQhgg=</DigestValue></Reference></SignedInfo><SignatureValue xmlns="http://www.w3.org/2000/09/xmldsig#">M4TDMv+MNGIWlGGZXiA2jw8H5M7dwvx5NKIdenxMDXhEyiyvJ55lIQc1FoEDnAl3Mb8gYF+dzu8gmhODe5/K8AtJt2TAuSV7MXxDxiJu5dLnadwIMtTqCKoVWGjDU9si3bOfj+uop4GKcgYAov4LXhqcI0kduqNw43LvurMYmdw=</SignatureValue><KeyInfo xmlns="http://www.w3.org/2000/09/xmldsig#"><KeyValue><RSAKeyValue><Modulus>wRSGFs73V0JMKVVRCX9pEVmluvNojvtDvzHduZ+pX458q9THGbti8zEty6ydF7nxVFCRriONFm6w+PtcZhRT+eXMb21jzY6biII4BXdh91BmVZ96FyYROMnHS6zjfK7+oDbsVV8XWkZ11DiHa+9wySxQcc4fBd23xGYpo52p2fc=</Modulus><Exponent>AQAB</Exponent></RSAKeyValue></KeyValue></KeyInfo><Object Id="Sitecore.xDB.Base" xmlns="http://www.w3.org/2000/09/xmldsig#"><module xmlns=""><idref>20190513080011</idref><name>Sitecore.xDB.Base</name><count>1</count><expiration>20190713T000000</expiration><version>9</version><comment /><licenseagreement>?</licenseagreement></module></Object></Signature><Signature><SignedInfo xmlns="http://www.w3.org/2000/09/xmldsig#"><CanonicalizationMethod Algorithm="http://www.w3.org/TR/2001/REC-xml-c14n-20010315" /><SignatureMethod Algorithm="http://www.w3.org/2000/09/xmldsig#rsa-sha1" /><Reference URI="#Sitecore.JSS"><DigestMethod Algorithm="http://www.w3.org/2000/09/xmldsig#sha1" /><DigestValue>2VlclRxdBPWXcB93sj6IDoZco4w=</DigestValue></Reference></SignedInfo><SignatureValue xmlns="http://www.w3.org/2000/09/xmldsig#">QyLkvQQj4bcOIwRPg2GZ692tBQakEQ4U7UfAzaa4VJufMlKvOPEOfvK9KjOaYj5i9E4grO0HlVQx1Pq/DrIJyUQNflcB/4RFDeGfPp+m4A3VHQBYGRQ1CN7TuSIkJ6+WmPa4kmIz5aFIEY6xcWG3mqeQfRKa5up+eqCwol91ISQ=</SignatureValue><KeyInfo xmlns="http://www.w3.org/2000/09/xmldsig#"><KeyValue><RSAKeyValue><Modulus>wRSGFs73V0JMKVVRCX9pEVmluvNojvtDvzHduZ+pX458q9THGbti8zEty6ydF7nxVFCRriONFm6w+PtcZhRT+eXMb21jzY6biII4BXdh91BmVZ96FyYROMnHS6zjfK7+oDbsVV8XWkZ11DiHa+9wySxQcc4fBd23xGYpo52p2fc=</Modulus><Exponent>AQAB</Exponent></RSAKeyValue></KeyValue></KeyInfo><Object Id="Sitecore.JSS" xmlns="http://www.w3.org/2000/09/xmldsig#"><module xmlns=""><idref>20190513080011</idref><name>Sitecore.JSS</name><count>1</count><expiration>20190713T000000</expiration><version>9</version><comment /><licenseagreement>?</licenseagreement></module></Object></Signature><Signature><SignedInfo xmlns="http://www.w3.org/2000/09/xmldsig#"><CanonicalizationMethod Algorithm="http://www.w3.org/TR/2001/REC-xml-c14n-20010315" /><SignatureMethod Algorithm="http://www.w3.org/2000/09/xmldsig#rsa-sha1" /><Reference URI="#Sitecore.SFMC"><DigestMethod Algorithm="http://www.w3.org/2000/09/xmldsig#sha1" /><DigestValue>b20fAbPHi1604NWyRrXAyDaSKO8=</DigestValue></Reference></SignedInfo><SignatureValue xmlns="http://www.w3.org/2000/09/xmldsig#">n2O2Iw6j7WVrcZa0KPwqSwaLhgL1pDYg/Cfw0MQLfttEdFcl9bH2mzzzHYwQ4aP+1KUufafJq/qBkqhuccaT03Awvx0BrT76pGZGtHEdmC6SYKRrHVNs1E+PkGNUbN8iqr5vXDdIzPGzfCbqz+3K/xCjRIKtmbYCkHAKbD22UCM=</SignatureValue><KeyInfo xmlns="http://www.w3.org/2000/09/xmldsig#"><KeyValue><RSAKeyValue><Modulus>wRSGFs73V0JMKVVRCX9pEVmluvNojvtDvzHduZ+pX458q9THGbti8zEty6ydF7nxVFCRriONFm6w+PtcZhRT+eXMb21jzY6biII4BXdh91BmVZ96FyYROMnHS6zjfK7+oDbsVV8XWkZ11DiHa+9wySxQcc4fBd23xGYpo52p2fc=</Modulus><Exponent>AQAB</Exponent></RSAKeyValue></KeyValue></KeyInfo><Object Id="Sitecore.SFMC" xmlns="http://www.w3.org/2000/09/xmldsig#"><module xmlns=""><idref>20190513080011</idref><name>Sitecore.SFMC</name><count>1</count><expiration>20190713T000000</expiration><version>9</version><comment /><licenseagreement>?</licenseagreement></module></Object></Signature></signedlicense>